District,A_Count,Student,A_Rate,D_Size,Open,Urban,Barren,Forest,Shrub,Grass,Agricultural,Wetland,Avecanopy,NearRoad100,NearRoad50,Roadensity,Pop,Popm,Popf,Malep,Femalep,Popden,Young,Senior,Whitep,Blackp,Asianp,Vehicle0,Unemploy,Income_median
124,1,1389,0.72,233.6,3.34,1.72,0.37,0,0,14.97,79.51,0.08,0.03,0.05,0.04,0.261,7923,3916,4007,49.43,50.57,33.92,43.78,5.21,76.31,0,4.52,13.33,16.74,24859
223,1,741,1.35,59.2,10.79,8.11,0,59.8,12.52,5.1,0,0.69,62.4,40.97,38.55,0.457,11717,5425,6292,46.3,53.7,197.92,24,21.05,91.35,2.16,5.66,5.13,5.54,93661
428,2,1477,1.35,4.3,16.46,78.51,0,0.23,0.21,4.58,0,0,2.54,1.33,0.81,3.184,11864,6483,5381,54.64,45.36,2759.07,30.05,6.39,63.9,2.66,3.86,6.68,8.9,47163
383,1,693,1.44,195.3,3.98,1.41,0.3,0,0,13.44,80.14,0.09,0,0,0,0.2,4297,2298,1999,53.48,46.52,22,41.45,4.68,73.49,4.61,0.98,2.22,19.91,32121
419,1,640,1.56,245.1,5.98,2.63,0.41,0.01,7.49,13.94,64.08,1.76,0,0,0,0.372,5020,2604,2416,51.87,48.13,20.48,35.78,8.47,81.27,0.98,0,0.9,8.36,82333
70,2,1142,1.75,203.8,3.67,4.59,0.28,1.18,0.58,52.51,26.71,1.72,1.24,0.79,0.3,0.26,13086,6813,6273,52.06,47.94,64.21,25.62,13.24,87.86,2.8,3.76,0.52,8.7,96674
228,3,1709,1.76,609.1,5.73,1.63,5.64,4.61,18.84,41.65,20.18,1.63,4.71,1.32,0.69,0.209,14077,7066,7011,50.2,49.8,23.11,41.54,4.87,77.05,1.11,1.47,6.65,16.07,53080
231,3,1558,1.93,122.4,4.56,6.68,0.28,0,0.03,1.84,85.88,0.35,0.31,0.11,0.11,0.452,14750,7231,7519,49.02,50.98,120.51,34.67,10.46,79.27,0.42,3.02,4.56,7.15,61338
450,5,2595,1.93,75.1,12.22,11.09,0.63,3.1,50.79,8.72,11.12,2.26,4.43,1.43,1.21,0.426,26958,14003,12955,51.94,48.06,358.96,33.75,10.99,50.42,0.24,1.08,5.96,10.75,47523
545,2,1030,1.94,396.4,2.71,1.22,0.3,11.13,13.11,53.55,16.43,0.21,10.09,1.23,1.23,0.108,9564,4938,4626,51.63,48.37,24.13,37.59,7.96,75.17,0.78,0.39,8.68,16.14,34115
415,1,514,1.95,68.7,3.99,2.79,0.66,0,0,1.4,91.04,0,0.42,0.45,0.45,0.222,3044,1571,1473,51.61,48.39,44.31,46.42,5.26,44.12,0,7.33,11.23,13.36,28158
111,1,483,2.07,30.6,6.38,5.48,0,80.75,4.77,2.58,0.04,0.01,76.63,37.61,31.42,0.261,5171,2411,2760,46.63,53.37,168.99,22.82,14.04,96.31,0,1.35,0.73,5.36,50577
490,1,484,2.07,88.2,3.31,2.09,0.46,0.01,0.01,4.41,89.34,0.01,0.23,0,0,0.192,2955,1522,1433,51.51,48.49,33.5,32.96,8.09,85.85,0,1.46,2.82,8.49,47969
510,1,481,2.08,15.4,13.77,6.64,0,72.04,3.8,3.67,0,0,62.8,57.89,56.19,0.447,2352,1142,1210,48.55,51.45,152.73,20.54,21.51,93.84,1.45,5.78,1.63,5.96,64315
230,1,473,2.11,116.8,3.12,1.22,0.15,0,0,2.84,92.58,0.01,0.19,0.1,0.13,0.184,2874,1600,1274,55.67,44.33,24.61,35.35,6.68,83.75,3.62,1.84,0.53,10.96,73102
87,1,470,2.13,165.6,4,1.95,0.04,0,0.23,1.65,88.31,3.28,0.39,0.1,0.03,0.34,5092,2694,2398,52.91,47.09,30.75,41.58,5.46,68.3,0.33,1.16,4.92,4.57,44026
397,1,455,2.2,516.8,2.16,0.39,0.01,73.39,20.68,0.59,0,0.15,53.36,54.51,51.78,0.175,9044,4355,4689,48.15,51.85,17.5,22.15,13.77,97.95,0,1.26,1.58,10.65,54707
321,2,882,2.27,161.2,4.09,4.29,0,50.66,12.23,28.49,0.07,0.05,41.63,32.39,29.7,0.481,15571,7716,7855,49.55,50.45,96.59,23.9,18.61,95.12,0.37,1.05,4.29,11.79,59542
499,1,439,2.28,127.2,4.39,1.92,0.34,0,0.03,1.19,92.04,0,0.01,0,0,0.334,2631,1414,1217,53.74,46.26,20.68,37.63,6.23,81,0.65,0.19,5.13,6.33,41298
4,16,6837,2.34,169,5.07,9.46,0.04,19.55,21.22,21.27,22.76,0.46,13.93,0.06,0.05,0.298,54943,28244,26699,51.41,48.59,325.11,39.59,4.38,68.23,1.37,6.24,7.68,13.83,48597
280,1,415,2.41,1326,4.59,1.3,12.45,0.07,5.18,35.9,40.19,0.2,0.09,0.16,0.2,0.16,2288,1220,1068,53.32,46.68,1.73,43.66,2.1,76.49,0,0,13.55,10.32,27663
371,1,403,2.48,127.6,2.84,1.95,0.25,0.01,0,1.77,93,0.1,0.01,0,0,0.162,2628,1328,1300,50.53,49.47,20.6,33.26,9.28,74.24,4.22,0,3.44,16.56,33015
20,6,2284,2.63,816.8,3.02,0.86,2.04,10.37,20.95,38.42,23.98,0.23,8.3,0.42,0.08,0.029,15222,7972,7250,52.37,47.63,18.64,47.25,5.28,54.95,0.39,0.99,9.87,14.14,32738
547,1,379,2.64,49.4,3.16,1.6,0.26,0,0,2.1,92.88,0,0.16,0.01,0.05,0.162,2799,1459,1340,52.13,47.87,56.66,45.77,4.18,72.53,0,0.14,11.05,13.4,26469
57,1,378,2.65,12.8,15.17,34.74,0,27.77,6.58,12.61,0,0,21.21,11.92,8.32,1.336,7050,3482,3568,49.39,50.61,550.78,22.57,11.06,49.09,3.9,37.57,4.65,6.49,84247
394,1,376,2.66,46.6,4.66,1.37,0.26,0,0,1.58,92.09,0,0.09,0.03,0.05,0.276,1887,1026,861,54.37,45.63,40.49,37.78,6.73,65.29,0.37,20.4,6.07,15.34,39000
174,1,373,2.68,24.3,16.18,8.38,0.15,1.57,5.22,51.1,12.58,3.41,6.09,5.56,6.04,0.782,5535,2863,2672,51.73,48.27,227.78,20.34,14.6,94.78,1.28,3.87,4.37,5.52,73168
53,7,2595,2.7,234.5,2.29,8.36,6.24,0.27,9.37,0.04,70.13,2.27,0.06,0.02,0.01,0.318,22990,11072,11918,48.16,51.84,98.04,36.37,10.96,74.4,3.52,2.32,12.64,13.04,35794
460,2,698,2.87,39.2,15.06,12.91,0.01,7.33,7.11,27.61,28.25,1.35,12.01,8.02,6.67,0.571,11980,5606,6374,46.79,53.21,305.61,22.75,16.17,90.54,1.15,2.35,3.84,5.48,62989
443,1,344,2.91,75.1,12.56,3.73,0.01,0.53,51.95,12.56,17.71,0.89,0.93,0.91,0.75,0.227,3573,1892,1681,52.95,47.05,47.58,36.66,11.31,90.88,0.62,6.75,0.77,1.68,107472
187,1,343,2.92,129.8,5.29,0.3,0.07,48.66,14.82,28.56,0.96,1.04,41.6,37.84,37.08,0.22,4645,2428,2217,52.27,47.73,35.79,18.15,18.77,95.91,0.99,2.73,1.33,7.25,68224
193,2,683,2.93,51.5,6.05,2.47,0.96,0.02,0.07,4.22,83.18,1.72,5.91,1.53,0.51,0.243,1196,596,600,49.83,50.17,23.22,31.69,11.71,90.47,0,0.92,3.98,10.04,58043
1,1,338,2.96,11.3,8.81,17.41,0,60.02,2.78,10.95,0,0,46.74,26.52,19.28,1.449,2852,1452,1400,50.91,49.09,252.39,25.32,12.66,95.72,0.67,2.77,2.46,3.58,65139
113,2,640,3.13,53.2,10.52,3.44,0,0.11,71.13,11.65,0,2.36,1.06,0.82,0.54,0.388,2154,1059,1095,49.16,50.84,40.49,22.24,13.7,87.65,3.25,1.58,0,8.81,100385
177,6,1920,3.13,58.8,6.45,29.03,0.34,0,0,0.54,63.2,0,0.03,0.01,0,1.005,15054,7612,7442,50.56,49.44,256.02,40.93,5.46,72.48,0.54,2.33,5.8,17.41,49888
197,6,1920,3.13,37.4,7.34,2.89,0.71,0,0.05,18.48,70.5,0.02,0.44,0.58,0.28,0.167,659,348,311,52.81,47.19,17.62,38.24,8.8,84.07,1.06,0,4.13,2.92,42000
252,6,1910,3.14,60.2,5.65,6.53,1.2,0,0,1.17,85.43,0,0.92,0.53,0.1,0.388,14960,7762,7198,51.89,48.11,248.5,40.69,6.92,61.21,0.72,1.66,13.15,12.97,31969
384,2,637,3.14,133.7,9.65,1.34,0.08,76.1,5.02,6.99,0,0,57.72,42.64,34.49,0.268,13795,7033,6762,50.98,49.02,103.18,21.36,17.41,95.54,0.87,1.41,2.05,5.27,75423
529,1,315,3.17,33.6,4.13,4.08,2.52,0,0.01,1.97,82.78,0.39,0,0,0,0.175,1561,822,739,52.66,47.34,46.46,31.13,8.2,66.88,2.63,9.67,5.26,10.4,36190
522,1,312,3.21,18.8,7.89,8.33,0.1,0,0,0.83,82.85,0,0.02,0,0,0.74,2520,1253,1267,49.72,50.28,134.04,28.73,16.98,71.03,1.75,3.17,3.71,10.99,40000
115,17,5247,3.24,455.5,5.24,4.01,0.37,0,0.15,53.82,35.91,0.11,0.55,0.58,0.38,0.29,64744,37015,27729,57.17,42.83,142.14,35.29,6.67,61.33,4.55,13.67,9.62,14.27,34291
237,1,306,3.27,80.8,3.23,2.2,0.13,0,0.01,8.15,72.38,8.66,1.12,0.4,0.2,0.166,2543,1406,1137,55.29,44.71,31.47,29.02,9.91,75.34,4.17,4.33,1.77,8.42,68250
337,1,304,3.29,19.6,11.33,7.72,0,33.97,3.45,41.67,1.6,0.02,30.2,22.69,19.24,1.35,2418,1212,1206,50.12,49.88,123.37,20.02,23.9,92.97,0.91,2.77,2.66,3.01,44926
30,4,1209,3.31,85.2,9.07,20.09,0.34,0,0.01,49.82,20.22,0.17,0.49,0.09,0.03,0.857,17646,9326,8320,52.85,47.15,207.11,27.92,9.79,86.95,2.58,2.73,13.28,15.24,30964
154,1,296,3.38,40.4,4.92,6.86,0,0,0,0.24,86.23,1.59,0.6,1.51,1.05,0.273,2658,1368,1290,51.47,48.53,65.79,30.96,22.08,80.4,2.22,10.31,1.59,17.03,70776
56,1,293,3.41,57.6,9.43,4.47,0.34,3.76,36.1,10.67,32.4,2.69,2.93,0.09,0.03,0.406,4050,2385,1665,58.89,41.11,70.31,20.32,10.84,59.48,0.37,1.75,4.19,7.82,52708
426,7,2049,3.42,81.6,23.15,13.66,1.14,0,12.72,23.29,25.47,0,0,0.01,0.01,0.782,19457,9392,10065,48.27,51.73,238.44,32.91,11.8,66.7,4.78,3.59,3.97,11.34,56651
264,2,567,3.53,21.6,7.28,6.07,0,0.57,1.92,79.76,2.58,1.81,1.8,0.38,0.37,0.755,1870,890,980,47.59,52.41,86.57,28.02,14.06,84.92,0.91,2.41,0.54,3.41,74519
491,1,282,3.55,95.4,3.76,1.27,0.24,0.02,0,3.75,90.91,0,0.15,0.06,0.11,0.133,2754,1435,1319,52.11,47.89,28.87,36.89,7.23,72.88,0.07,0.29,4.08,10.05,35329
521,8,2231,3.59,314.3,4.04,2.99,0.97,0,2.55,1.37,87.96,0.02,0.01,0.03,0.04,0.278,24941,15943,8998,63.92,36.08,79.35,32.12,5.26,67.98,9.13,2.38,8.49,13.96,38073
74,1,276,3.62,270.6,2.23,0.61,0.01,76.24,15.66,2.72,0,1.85,60.71,53.64,51.31,0.103,3644,1693,1951,46.46,53.54,13.47,24.4,20.83,96.24,0,0.58,1.29,4.28,54475
210,1,276,3.62,60.4,7.76,2.31,0.25,64.89,6.33,2.29,6.1,1.52,63.71,10.28,8.68,0.274,2679,1281,1398,47.82,52.18,44.35,19.19,16.69,96.75,0.67,0.34,2.69,5.49,63393
277,7,1924,3.64,121.4,12.4,9.42,0.01,63.48,10.82,2.22,0,0.61,55.25,37.09,35.49,0.687,27018,13061,13957,48.34,51.66,222.55,26.73,14.82,87.52,1.45,11.31,3.13,5.13,131727
449,35,9592,3.65,127.3,9.88,26.14,2.51,0.01,0.29,4.38,55.3,1.23,0.09,0,0,0.597,84544,42838,41706,50.67,49.33,664.13,37.88,9.15,78.53,1.9,5.95,6.44,7.26,48482
344,4,1094,3.66,109,16.83,3.49,0.5,0,27.56,30.18,21.29,0,0.01,0.03,0.02,0.365,8905,4542,4363,51.01,48.99,81.7,33.9,7.88,61.93,2.92,2.26,1.12,11.24,67702
89,5,1362,3.67,285.3,5.46,3.7,0.19,0.02,0.02,14.67,75.31,0.41,0.75,0.34,0.16,0.265,21065,6615,14450,31.4,68.6,73.83,24.2,6.22,72.22,11.7,2.56,5.63,7.16,37386
319,4,1091,3.67,45.1,15.52,13.07,0,33.81,0.95,35.52,0.01,1.05,33.21,26.19,24.82,0.384,16936,8234,8702,48.62,51.38,375.52,33.31,14.45,82.13,1.94,16.89,1.56,2.15,126304
29,1,272,3.68,4.3,10.81,84.61,0,0.74,0.18,1.32,0,0,2.85,1.53,1.12,1.742,6031,3085,2946,51.15,48.85,1402.56,29.9,9.34,22.12,7.96,62.1,3.86,12.76,91875
457,1,272,3.68,34.4,10.07,15.04,0.42,13.49,40.28,13.71,0,1.39,25.46,23.84,18.11,0.762,10756,5037,5719,46.83,53.17,312.67,13.02,14.35,80.48,13.03,5.31,5.78,7.34,92941
487,2,538,3.72,167.4,2.87,1.91,0.31,0.02,2.53,65.59,26.13,0.6,0.93,0.84,0.79,0.204,4607,2168,2439,47.06,52.94,27.52,38.51,11.07,71,0.61,0.87,12.09,11.37,44397
274,6,1595,3.76,117.2,11.34,5.4,0.45,25.54,1.68,41.26,7.79,0.33,22.14,17.9,15.26,0.73,19246,9533,9713,49.53,50.47,164.22,24.26,16.5,93.85,0.76,5.74,0.57,4.44,92832
42,3,791,3.79,2496.7,1.02,0.29,4.34,10.99,75.98,3.41,2.22,1.56,4.65,0.58,0.46,0.05,11686,5699,5987,48.77,51.23,4.68,26.12,16.31,76.15,0.06,1.63,6.54,7.08,46199
524,3,790,3.8,18.9,5.49,15.92,0,0.96,1.44,72.36,3.62,0.1,1.04,0.05,0.09,0.609,5849,2789,3060,47.68,52.32,309.47,31.24,6.48,85.54,1.35,9.71,5.11,3.88,100267
333,20,5169,3.87,23.8,4,79.1,0,0,0.03,0.14,0,0.27,0.15,0.17,0.15,3.077,54012,26912,27100,49.83,50.17,2269.41,32.31,11.33,64.17,3.9,18.66,14.44,9.51,36130
532,1,256,3.91,1351.9,0.56,0.93,66.81,0,6.44,0.02,10.92,0.18,0.02,0.04,0.05,0.09,1978,990,988,50.05,49.95,1.46,31.65,15.12,86.3,1.21,1.42,8.41,11.44,28494
367,1,253,3.95,50.6,5.07,3.19,0.13,0,0,0.41,91.08,0,0.01,0,0,0.539,3412,1872,1540,54.87,45.13,67.43,23.94,10.81,44.2,9.44,8.65,1.48,12.07,39333
291,3,758,3.96,163.3,4.11,0.78,0.04,0.01,0.07,1.17,88.42,3.68,1.35,1.67,1.66,0.425,977,517,460,52.92,47.08,5.98,31.22,16.27,72.26,2.05,12.69,2.33,10.12,61667
6,5,1247,4.01,248.5,8,3.7,0,0.39,79.57,7.07,0.03,0.79,0.4,0.59,0.48,0.284,16411,8372,8039,51.01,48.99,66.04,28.82,10.46,91.9,1.22,2.59,2.57,6.23,77803
435,28,6949,4.03,35.6,11.46,78.68,0.06,0.01,0,0.26,9.45,0.06,0.15,0.12,0.17,2.508,72480,37101,35379,51.19,48.81,2035.96,32.32,10.2,62.93,2.63,7.57,7.34,9.6,49692
341,2,485,4.12,231.9,6.54,2.16,0.44,9.69,4.34,35.27,41.01,0.34,6.15,0.56,0.26,0.211,3593,2140,1453,59.56,40.44,15.49,25.16,9.49,69.5,0.58,2.59,0.77,5.54,75069
404,12,2846,4.22,32.3,3.9,32.41,6.91,0,0,0.67,0,16.56,0.44,1.34,1.29,1.155,38660,20328,18332,52.58,47.42,1196.9,33.03,7.88,54.05,21.32,4.77,9.42,10.12,48639
477,2,467,4.28,43,5.12,52.04,1.21,0,2.46,8.1,7.87,14.15,0.72,0.15,0.1,1.351,6893,3252,3641,47.18,52.82,160.3,25.27,13.9,90.16,2.31,4.45,4.48,7.85,46579
249,1,233,4.29,143.2,2.98,1.91,0.41,0,0,2.18,92.06,0.06,0,0,0,0.241,2877,1518,1359,52.76,47.24,20.09,34.83,7.65,68.34,16.41,3.41,7.77,18.09,40379
421,13,3022,4.3,40.8,4.83,45.59,1.49,0.06,0.36,1.78,44.33,0.89,0.11,0.17,0.14,1.655,29397,14385,15012,48.93,51.07,720.51,34.36,6.65,59.62,8.08,8.33,4.35,5.37,59271
528,3,686,4.37,11.3,12.74,47.81,0.09,0,0,2.24,36.44,0,0,0,0,2.107,4812,2050,2762,42.6,57.4,425.84,44.64,9,22.59,39.73,17.29,23.02,18.92,28571
464,1,227,4.41,95,5.79,1.97,0.22,0.29,6.33,44.38,37.41,0.48,2.84,2.47,1.91,0.322,1963,980,983,49.92,50.08,20.66,26.8,13.14,94.5,2.65,0.76,0.87,16.55,57989
254,4,872,4.59,13.9,17.43,46.37,0.14,19.79,1.87,0.92,0,8.34,32.17,16.26,13.24,1.361,13451,6365,7086,47.32,52.68,967.7,20.58,16.67,88.94,1.64,7.68,4.98,3.21,89248
504,29,6302,4.6,118.8,5.82,23.13,0.45,0.01,0.01,2.7,67.24,0.03,0.02,0,0,0.776,55154,27729,27425,50.28,49.72,464.26,37.05,9.03,76.59,6.29,3.01,5.57,8.11,44361
497,4,867,4.61,123.1,8.65,7.19,2.11,9.34,0.46,56.29,9.06,2.15,7.4,4.77,4.2,0.38,16403,8352,8051,50.92,49.08,133.25,32.95,12.57,79.5,4.86,12.7,11.39,12.92,34541
21,14,3009,4.65,117,8.73,15.29,0.62,0,0.01,12.25,62.83,0.16,0.55,0.17,0.05,0.491,31505,16124,15381,51.18,48.82,269.27,34.34,10.58,69.05,5.85,6.5,6.37,14.85,43395
23,88,18849,4.67,388.7,6.11,21.32,1.13,0.02,1.92,63.24,4.73,1.04,0.37,0.25,0.11,0.784,178782,89134,89648,49.86,50.14,459.95,36.88,9.58,52.23,9.51,2.09,11.45,13.14,36120
104,6,1276,4.7,426.4,4.66,2.22,1.49,0.49,1.68,61.8,25.53,1.68,3.22,1.5,0.89,0.28,13129,6781,6348,51.65,48.35,30.79,29.58,13.8,80.2,1.33,1.35,7.94,10.53,34896
196,4,840,4.76,25.9,31.17,22.18,0,24.68,15.45,5.33,0.78,0.06,9.07,5.86,4.77,1.489,14845,7154,7691,48.19,51.81,573.17,17.6,19.17,83.61,2.39,6.14,4.44,4.07,62122
203,1,210,4.76,291.7,3.6,0.26,0.05,29.39,59.05,6.64,0.28,0.42,12.11,5.19,3.63,0.208,3514,1900,1614,54.07,45.93,12.05,27.89,9.56,89.73,2.16,2.79,1.55,7.91,79250
385,4,835,4.79,125.9,4.33,6.31,0,72.84,10.35,5.62,0,0.18,61.6,39.19,35.7,0.357,14527,7032,7495,48.41,51.59,115.39,25.22,15.12,88.58,1.57,1.49,5.09,10.23,55885
75,26,5366,4.85,33.8,8.9,90.36,0,0.04,0.03,0.29,0,0,4.42,3.03,2.25,3.644,90108,46298,43810,51.38,48.62,2665.92,23.19,11.19,66.9,3.47,18.37,5.73,6.29,68727
472,1,206,4.85,83.8,14.35,4.99,0.16,4.38,25.33,15.86,34.45,0.47,3.21,1.66,1.5,0.411,2831,1432,1399,50.58,49.42,33.78,23.28,18.65,80.93,2.19,4.1,5.75,2.94,74609
188,3,614,4.89,69.2,4.38,4.74,0.06,0,0,1.28,83.89,4.86,5.2,1.3,0.65,0.031,3417,1545,1872,45.22,54.78,49.38,37.14,9.75,79.31,4.89,11.3,4,3.78,66750
227,3,607,4.94,25.4,6.27,13.12,0.09,0,0,0.46,79.71,0.31,1.67,0.94,0.32,0.962,4875,2427,2448,49.78,50.22,191.93,33.42,8.66,79.49,3.38,2.58,1.53,15.64,52598
171,2,403,4.96,63.8,8.28,1.15,0.09,36.72,42.22,11.07,0.11,0.26,38.73,19.01,14.51,0.209,2921,1484,1437,50.8,49.2,45.78,29.1,11.13,95.31,0,3.18,0.38,6.17,87768
18,1,201,4.98,390.7,5.72,0.53,0.06,82.49,5.32,4.25,0.32,1.09,66.23,25.05,25.71,0.069,3185,1579,1606,49.58,50.42,8.15,26.44,12.4,88.92,0,0.97,1.18,7.02,50407
221,1,201,4.98,1010.3,2.47,0.09,0.15,84.16,12.38,0.47,0,0.02,62.15,53.75,48.55,0.054,4181,2003,2178,47.91,52.09,4.14,24.32,18.56,91.84,0.65,5.26,1.62,9.6,57261
376,25,4957,5.04,125.9,16.91,9.27,0.04,0.04,23.76,41.04,8.81,0.12,0.03,0.02,0.02,0.531,39867,19996,19871,50.16,49.84,316.66,40.29,6.34,49.85,10.35,3.36,6.28,13.34,42823
288,1,194,5.15,29.7,6.05,1.88,0.12,0,0,0,90.86,0.84,5.71,6.03,5.33,0.386,960,523,437,54.48,45.52,32.32,27.81,16.88,74.48,0,9.9,1.4,15.42,45833
493,4,769,5.2,2100.6,0.82,0.47,0.55,38.16,50.18,1.58,1.8,1.24,19.71,17.3,15.67,0.077,10908,5550,5358,50.88,49.12,5.19,28.51,11.46,84.08,6.41,1.77,6.66,8.43,43121
67,13,2490,5.22,17.2,5.76,31.16,1.48,0,0,2.48,59.12,0,0.16,0.01,0,0.532,17879,8944,8935,50.03,49.97,1039.48,39.68,8.6,71.01,0.97,8.05,4.2,6.12,56839
127,4,762,5.25,124.3,5.98,4.16,2.04,0,1.47,39.48,46.68,0.03,0.9,0.63,0.16,0.286,5871,2862,3009,48.75,51.25,47.23,37.73,8.24,37.28,4.17,1.14,3.4,11.79,51618
365,2,377,5.31,70.7,9.11,8.41,1.09,6.63,2.3,42.86,23.61,2.75,9.06,5.59,3.92,0.632,8292,4228,4064,50.99,49.01,117.28,24.1,21.68,96.68,5.08,3.35,4.84,5.53,65435
8,2,373,5.36,15.4,4.6,5.41,0.15,0,1.45,79.03,7.53,1.56,0.75,0.32,0.28,0.306,2801,1455,1346,51.95,48.05,181.88,40.06,4.36,67.83,1.07,6.1,5.32,16.93,28833
209,1,182,5.49,110,5.81,3.68,0.7,0.01,0.02,2.73,86.15,0.03,0.01,0,0,0.152,1663,892,771,53.64,46.36,15.12,32.05,8.24,87.43,5.47,1.02,1.05,10.1,57500
451,11,1996,5.51,100,9.09,12.35,0.56,17.29,13.27,17.3,28.78,1.28,14.5,0.48,0.44,0.437,22345,11118,11227,49.76,50.24,223.45,34.85,8.79,50.58,1.87,12.85,5.99,9.11,60043
305,4,717,5.58,74.2,8.76,7.88,1.2,1.29,21.54,10.35,47.26,1.17,1.38,0.06,0.02,0.263,3609,1745,1864,48.35,51.65,48.64,28.26,19.34,77.14,5.99,4.13,1.31,4.77,114286
540,1,177,5.65,29.3,10.2,7.17,0,1.64,4.42,75.43,0.22,0.56,3.19,1.72,1.96,0.168,3209,1766,1443,55.03,44.97,109.52,20.44,18.48,93.52,0,1.34,2.45,5.53,84712
432,8,1412,5.67,33,30.9,12.69,0,34.63,8.87,12.89,0,0,46.08,36.29,30.91,0.519,22878,11274,11604,49.28,50.72,693.27,23.09,12.68,95,0.87,3.92,4.23,3.63,93175
381,6,1048,5.73,45.8,3.91,9.85,0.04,0,0,0.53,85.67,0,0.01,0,0,0.246,9387,5224,4163,55.65,44.35,204.96,35.07,7.64,85.69,7.04,5.47,4.68,5.7,66342
105,4,689,5.81,383.3,3.96,1.11,0.54,3.84,23.37,55.52,8.87,2.37,10.51,7.04,5.33,0.253,8213,4043,4170,49.23,50.77,21.43,29.23,14.15,90.8,0.15,1.4,2.52,5.46,51618
212,4,686,5.83,422.5,4.95,0.9,0.01,0.5,79.49,11.82,0.05,1.38,0.44,0.75,0.65,0.182,8383,4379,4004,52.24,47.76,19.84,30.26,10.4,90.67,1.81,1.35,1.91,4.31,84960
202,33,5609,5.88,19.7,7.5,86.48,0.19,0,0,1.13,0.81,0.77,0.26,0.49,0.69,1.203,54832,28924,25908,52.75,47.25,2783.35,32.48,8.94,57.72,4.29,10.92,6.25,8.12,53333
60,20,3341,5.99,147.3,8.96,12.28,1.22,30.95,11.85,34.49,0.05,0,27.5,12.74,10.52,0.567,35178,17079,18099,48.55,51.45,238.82,30.64,9.4,87.34,0.62,11.52,1.6,6.5,94776
93,1,167,5.99,6.4,22.56,30.9,0,0.6,2.6,42.53,0,0.82,5.1,4.35,4.15,1.224,2555,1306,1249,51.12,48.88,399.22,25.68,9.9,74.91,1.57,1.96,2.57,5.04,63587
186,2,333,6.01,100.4,5.91,0.8,0.53,7.78,47.87,34.5,2.23,0.23,22.01,6.6,4.59,0.324,6540,3527,3013,53.93,46.07,65.14,30.46,12.49,93.53,0.84,4.59,5.44,11.14,53375
308,8,1324,6.04,47.8,5.59,24.32,0,58.47,3.95,0.8,0.2,1.27,46.02,12.2,10.02,1.125,23624,11472,12152,48.56,51.44,494.23,25.56,17.97,55.99,4.39,35.53,7.13,3.68,79172
142,8,1306,6.13,295.8,2.68,2.44,0.44,2.23,10.05,58.68,23.19,0.14,4.23,2.8,2.61,0.173,12213,6200,6013,50.77,49.23,41.29,33.25,11.19,88.5,0.3,0.83,4.44,11.52,49496
37,5,813,6.15,46.9,11.64,5.64,0,22.9,19.39,37.79,2.26,0.25,24.21,18.48,19.5,0.43,9599,4412,5187,45.96,54.04,204.67,21.98,16.07,89.69,0.78,5.13,3.73,5.29,68605
279,1,162,6.17,957.4,1.42,0.08,0.36,21.74,65.34,9.71,1.28,0.08,16.42,6.81,4.69,0.032,1621,786,835,48.49,51.51,1.69,25.23,17.77,96.3,0,1.11,2.34,5.21,83750
465,1,161,6.21,2261.2,0.78,0.56,5.42,0.71,81.1,1.4,4.64,0.81,0.54,0.56,0.45,0.036,10689,9478,1211,88.67,11.33,4.73,8.35,2.51,49.27,21.39,1.9,1.28,3.59,54671
423,11,1751,6.28,26.2,27.59,52.11,0.02,0,0,11.4,7.75,1.13,0.14,0.23,0.24,1.389,19286,10335,8951,53.59,46.41,736.11,31.98,8.89,56.72,14.38,16.18,4.37,12.08,48712
195,24,3754,6.39,97.9,14.11,19.9,0.05,4.8,5.35,38.8,15.1,0.76,3.76,0.39,0.19,0.448,41921,20272,21649,48.36,51.64,428.2,35.03,8.07,69.83,1.87,5.29,4.99,9.8,66041
160,17,2649,6.42,159.4,5.84,7.21,0.26,0.03,0,13.14,67.66,5.48,0.91,0.25,0.19,0.556,29124,14649,14475,50.3,49.7,182.71,35.1,10.34,69.86,2.38,4.26,3.31,8.43,59844
495,9,1396,6.45,303,11.58,4.04,18.56,0,3.18,46.94,15.53,0.05,0.02,0.01,0.01,0.315,17969,10337,7632,57.53,42.47,59.3,32.65,8.7,81.25,2.42,2.32,11.12,8.5,39150
275,1,154,6.49,180.8,6.19,0.41,0,15.82,26.31,38.08,13.03,0.09,13.2,2.23,1.54,0.26,1680,868,812,51.67,48.33,9.29,26.55,8.27,71.37,0,0.3,0.94,9.24,75750
85,9,1385,6.5,456.1,2.68,3.4,1.2,0.01,0.04,0.66,91.08,0.06,0,0.02,0.01,0.196,11006,6833,4173,62.08,37.92,24.13,34.54,2.52,71.65,11.04,6.78,0.72,5.76,40877
301,12,1847,6.5,16.6,46.62,53,0,0.18,0,0.21,0,0,26.59,21.8,20.63,1.456,25383,12680,12703,49.95,50.05,1529.1,25.6,14.18,87.77,0.69,11.15,4.33,4.9,125442
369,6,919,6.53,176.4,6.43,1.29,1.4,7.2,0.29,56.28,22.55,4.09,5.92,7.02,6.6,0.278,8722,4447,4275,50.99,49.01,49.44,30.81,14.66,72.04,1.85,6.82,3.35,18.61,39124
180,5,759,6.59,94.2,3.3,4.37,5.66,4.16,20.67,21.29,36.99,3.3,4.86,0.33,0.33,0.125,6667,3403,3264,51.04,48.96,70.77,35.43,9.81,84.09,0,4.45,6.84,6.22,40959
353,10,1518,6.59,199.9,2.41,7.83,0.12,5.09,4.02,50.86,21.67,4.74,4.51,0.22,0.2,0.399,24147,12487,11660,51.71,48.29,120.8,26.72,10.91,83.87,2.01,7.53,4.67,6.58,81200
413,18,2717,6.62,132.5,7.56,10.13,0.31,28.91,25.59,23.12,0.01,0.02,29.54,21.93,20.24,0.377,33641,17398,16243,51.72,48.28,253.89,31.01,9.64,91.27,1.03,7.37,2.05,4.78,107097
148,2,298,6.71,1291.2,0.7,0.1,0.28,76.4,20.85,0.81,0,0.13,56.33,56.23,54.01,0.102,5853,2823,3030,48.23,51.77,4.53,19.73,15.09,95.4,0.24,3.04,3.81,5.81,59358
352,12,1759,6.82,193.6,6.37,10.67,0.3,2.04,45.78,4.24,25.96,3.37,3.81,0.24,0.18,0.443,16466,8268,8198,50.21,49.79,85.05,36.48,8.14,54.89,5.31,12.24,5.53,9.21,52075
453,28,4105,6.82,68.3,8.32,36.54,0.58,0.01,42.2,10.59,0,1.09,0.33,0.43,0.33,1.218,57321,27488,29833,47.95,52.05,839.25,28.87,10.72,88.8,4.29,4.6,3.42,5.64,67131
248,6,875,6.86,430.5,3.54,3.34,0.48,0,1.02,7.1,83.54,0.05,0.01,0.01,0.01,0.331,8667,4017,4650,46.35,53.65,20.13,40.06,6.61,74.22,8.4,7.25,0.97,5.06,64194
349,2,289,6.92,119.4,3.41,0.31,0.11,0.05,0.04,44.23,50.77,1.01,0.53,0.33,0.28,0.203,2886,1586,1300,54.95,45.05,24.17,36.8,9.04,85.34,0.17,4.92,1.9,5.29,61250
335,1,144,6.94,89.5,2.26,1.1,0.04,0,0,0.18,90.87,1.7,0.25,0.23,0.13,0.263,1191,637,554,53.48,46.52,13.31,29.97,10.92,73.97,0.42,1.93,6.7,9.44,38942
334,5,719,6.95,428.5,2.64,0.9,0,83.36,9.59,2.02,0,0.05,65.56,61.23,59.26,0.279,15902,7523,8379,47.31,52.69,37.11,20.03,18.46,97.13,0.38,1.62,1.62,8.11,61250
377,14,2014,6.95,87.9,8.07,19.49,0.22,6.01,5.61,45.02,0.7,13.86,6.61,1.78,1.68,0.805,29399,14555,14844,49.51,50.49,334.46,23.53,12.56,87.85,1.57,4.01,5.18,5.67,65333
233,2,287,6.97,180.1,3.31,1.68,0.2,0,0,2.33,92.09,0.02,0.01,0.02,0,0.216,1610,812,798,50.43,49.57,8.94,23.66,19.75,88.76,5.4,1.8,2.76,4.5,50000
444,20,2861,6.99,46.3,21.66,45.83,0.17,19.59,2.87,3.03,0,3.89,30.41,10.41,7.5,1.445,53475,29606,23869,55.36,44.64,1154.97,20.02,11.78,71.11,5.54,7.39,6.07,4.54,70196
226,4,568,7.04,745.7,1.81,1.19,0.02,24.83,49.94,18.01,0.03,0.45,22.24,11.18,9.77,0.162,11322,5612,5710,49.57,50.43,15.18,17.77,29.36,94.24,1.33,0.58,4.56,6.75,26382
360,11,1562,7.04,69.5,25.76,6.61,0.09,43.6,1.89,15.91,0.08,1.01,46.93,48.98,45.12,0.937,18230,8876,9354,48.69,51.31,262.3,28.02,17.13,87.52,0.66,12.68,2.81,2.64,161556
260,19,2695,7.05,13.9,6.67,89.46,0,0,1.16,2.71,0,0,0.07,0.05,0.02,3.357,34365,17501,16864,50.93,49.07,2472.3,29.73,10.18,71.01,14.87,8.31,6.34,6.73,50742
402,3,421,7.13,48.2,40.8,25.98,0.07,1.11,24.74,6.57,0,0.33,5.19,7.18,8,0.539,4661,2341,2320,50.23,49.77,96.7,24.44,16.84,96.91,0,1.76,0,0,182898
172,8,1114,7.18,150.9,9.71,6.61,0,67.65,7.61,8.33,0,0,55.11,43.05,40.86,0.355,25057,11916,13141,47.56,52.44,166.05,24.42,19.6,93.45,1.03,1.5,6.5,8.49,44515
506,4,556,7.19,50.4,8.48,1.21,0,10.05,19.18,59.92,0.61,0.5,15.01,14.73,18.12,0.186,5458,2545,2913,46.63,53.37,108.29,22.61,13.67,91.48,0.29,6.01,0.54,4.33,86528
128,27,3730,7.24,27.1,6.09,64.73,0,0,7.36,0,21.83,0,0.01,0.01,0.01,1.04,36186,17576,18610,48.57,51.43,1335.28,35.91,10.9,70.85,3.84,3.37,12.09,13.28,35994
251,9,1230,7.32,60.3,8.93,18,0.11,0,0,15.79,56.16,0.13,0.27,0.1,0.05,1.043,7351,3730,3621,50.74,49.26,121.91,36.08,3.66,46.97,15.59,31.95,1.94,8.4,118367
137,96,13058,7.35,200,19.4,30.86,0.3,0.99,36.16,5.59,4.46,1.37,1.66,1.07,0.88,1.058,151126,74658,76468,49.4,50.6,755.63,29.87,10.53,80.14,2.6,6.06,6.15,6.97,57976
429,14,1901,7.36,8,2.79,96.69,0,0,0.11,0.4,0,0,2.8,2.19,1.8,4.237,28060,13723,14337,48.91,51.09,3507.5,25.86,16.55,24.87,1.27,54.03,5.89,6.77,48791
17,2,271,7.38,302.7,4.17,0.41,0.92,0.31,0.01,55.35,35.45,2.44,0.81,0.6,0.44,0.172,4149,2169,1980,52.28,47.72,13.71,26.56,12.68,80.81,0,2.05,0.49,5.19,84592
354,112,15020,7.46,62.7,8.18,90.22,0.03,0.01,0,1.5,0,0.03,1.23,0.9,0.85,2.356,171877,85440,86437,49.71,50.29,2741.26,34.12,7.36,47.67,6.32,5.95,5.46,11.45,52200
329,14,1874,7.47,35.2,17.66,46.53,0.12,0,0.06,5.37,30.21,0.03,0.24,0.52,0.67,1.527,21988,10383,11605,47.22,52.78,624.66,35.36,3.47,56.03,15.7,7.65,1.89,5.41,79185
15,3,400,7.5,105.5,3.43,3.22,0.42,1.08,6.31,66.7,16.41,0.94,5.11,1.82,0.98,0.157,6863,3169,3694,46.18,53.82,65.05,27,17.76,88.77,2.36,2.74,5.29,7.05,35502
549,5,667,7.5,420.2,3.75,2.25,0.36,33.2,43.81,11.89,4.51,0.09,38.87,8.27,6.34,0.226,9380,4652,4728,49.59,50.41,22.32,23.61,22.04,93.91,0.67,0.53,10.47,9.64,35133
79,5,664,7.53,8.6,15.12,69.38,0,0,0.91,1.16,0,7.32,2.51,1.99,1.43,2.693,11602,5813,5789,50.1,49.9,1349.07,23.59,10.01,90.8,1.24,7,2.75,3.92,77862
250,22,2875,7.65,182.4,10.1,11.1,0.37,0.57,63.33,9.63,1.4,0.89,0.46,0.54,0.53,0.284,39893,19198,20695,48.12,51.88,218.71,27.05,11.43,92.15,2.5,2.86,4.49,7.21,64624
400,4,520,7.69,51.3,29.3,3.04,0,55.58,1.45,9.32,0.09,1.07,60.05,56.07,56.29,0.583,6623,3354,3269,50.64,49.36,129.1,24.81,24.54,95.26,0.44,8.49,2.39,4.25,177083
436,1,130,7.69,1221.8,4.16,0.1,0.56,25.53,37.73,26.79,2.28,1.72,16.74,5.53,4.07,0.056,1383,685,698,49.53,50.47,1.13,26.03,9.91,92.62,0.94,1.88,2.19,6.43,66750
523,5,647,7.73,107.2,11.5,2.9,0.07,26.46,26.06,32.23,0.13,0.48,19.43,17.18,14.54,0.161,7337,3477,3860,47.39,52.61,68.44,25.46,14.15,91,1.55,6.28,0.71,2.98,129338
379,9,1161,7.75,35.7,12.88,21.3,0.01,0.61,1.4,15.05,48.32,0.32,1.56,4.07,5.19,0.407,14514,7222,7292,49.76,50.24,406.55,27.35,12.21,81.49,3.47,5.53,4.89,7.55,67595
509,25,3203,7.81,19.2,10.69,82.33,0,6.27,0,0.44,0,0,9.85,4.9,4.15,2.374,43605,21480,22125,49.26,50.74,2271.09,27.47,12.96,80.57,1.72,16.06,2.85,5.47,103493
496,5,632,7.91,193.6,4.3,1.57,0.21,0.01,0.51,33.91,59.41,0.06,0.94,1.39,1.1,0.213,5210,2555,2655,49.04,50.96,26.91,39.5,6.93,72.26,0,2.71,5.86,15.21,33239
346,3,375,8,39.5,13.83,7.01,0.05,12.46,7.08,24.61,31.85,1.63,14.5,14.09,15.66,0.405,5282,2719,2563,51.48,48.52,133.72,25.8,15.52,88.53,2.25,4.11,4.1,2.62,76222
380,2,250,8,600.3,1.5,0.08,0,80.83,11.99,5.22,0.14,0.19,57.95,43.78,42.38,0.086,4329,2207,2122,50.98,49.02,7.21,22.57,11.99,97.37,1.11,1.32,2.16,8.61,54852
410,7,870,8.05,23.8,12.8,33.35,0.1,9.65,7.33,11.39,0,0.18,22.04,35.28,36.44,0.863,13495,6453,7042,47.82,52.18,567.02,24.94,19.67,93.06,0.19,7.17,1.66,3.4,131065
482,5,618,8.09,200.6,5.02,4.36,0.22,17.39,16.95,17.21,36.1,2.46,12.91,2.53,2.02,0.379,6720,3336,3384,49.64,50.36,33.5,32.62,9.67,87.57,1.9,6.83,0.38,2.83,106583
126,18,2222,8.1,657.7,5.19,1.17,25.08,0,49.46,4.87,14.12,0.01,0.02,0.03,0.03,0.294,18848,9116,9732,48.37,51.63,28.66,37.51,10.77,38.48,18.61,4.11,6.66,13.16,42738
136,20,2462,8.12,31.2,20.6,53.41,0.02,1.94,4.33,15.59,0.61,2.01,12.07,6.92,4.55,2.493,32115,15905,16210,49.53,50.47,1029.33,26.82,13.09,88.25,2.35,4.22,5.91,11.18,40538
16,5,615,8.13,61.5,6.86,10.3,2.23,33.04,3.47,6.93,9.19,6.27,33.8,15.95,14.65,0.931,13568,6983,6585,51.47,48.53,220.62,21.31,8.03,87.47,3.52,4.36,10.94,11.29,29581
292,4,489,8.18,597.7,2.2,0.69,0.28,22,13.15,57.02,0.15,0,20.16,17.16,15.21,0.143,9186,4628,4558,50.38,49.62,15.37,21.27,19.39,96.18,2.69,1.53,1.54,5.41,59293
543,10,1223,8.18,21.6,6.16,14.37,0.61,0,0,4.39,74.47,0,0.73,0.55,0.28,0.463,9570,5049,4521,52.76,47.24,443.06,39.4,7.66,57.91,1.44,9.48,6.31,15.7,29874
253,78,9522,8.19,218,10.7,21.32,44.09,0,10.87,8.58,2.28,0.72,0.03,0.02,0.03,1.023,107842,52532,55310,48.71,51.29,494.69,35.89,8.8,60.83,19.58,6.03,6.56,9.71,47795
445,26,3173,8.19,74.9,9.16,31.73,0.98,0.01,24.05,28.07,4.92,0.68,0.58,0.89,0.59,1.011,36592,21195,15397,57.92,42.08,488.54,28.91,6.7,68.41,7.03,7.88,10.96,9.3,47795
448,18,2187,8.23,100,11.94,18.94,0.61,42.89,13.72,4.5,5.39,0.91,40.31,23.95,22.08,1.011,57723,28901,28822,50.07,49.93,577.23,22.51,9.1,89.95,2.64,7.46,8.11,8.64,58543
340,20,2427,8.24,39.6,8.26,35.46,0.23,0,0.01,0.95,54.85,0,0.15,0.09,0.05,1.403,16848,8204,8644,48.69,51.31,425.45,34.1,7.86,85.58,1.64,7.7,1.14,4.44,98666
33,13,1549,8.39,58.8,12.02,21.69,0.01,5.75,4.45,20.53,35.37,0.19,5.24,1.24,1.52,0.953,21800,11095,10705,50.89,49.11,370.75,33.56,5.12,68.91,5.18,7.09,4.41,8.18,52865
152,4,477,8.39,56.8,8.04,9.15,4.57,43.93,8.41,10.65,11.36,1.98,45.11,10.75,9.13,0.729,7562,3967,3595,52.46,47.54,133.13,30.88,16.97,88.5,3.27,4.03,7.09,6.49,36684
224,1,119,8.4,63.7,8.43,4.89,0.02,44.58,26.79,10.32,4.79,0.13,40.86,15.08,14.45,0.168,3693,1625,2068,44,56,57.97,12.08,55.65,94.88,1.19,2.63,2.01,4.91,59110
396,6,711,8.44,95.8,6.92,1.83,5.87,0.02,0,8.33,70.27,5.82,1.43,1.11,0.63,0.36,2963,1470,1493,49.61,50.39,30.93,39.86,4.93,59.43,11.14,27.98,0.22,2.93,90329
446,42,4976,8.44,60.4,24.98,35.3,0.26,22.89,13.83,1.79,0.05,0.1,6.66,3.7,2.94,1.688,81374,40991,40383,50.37,49.63,1347.25,21.83,14.84,80.76,2.72,3.84,9.06,5.25,62448
191,3,351,8.55,256.7,1.88,1.53,3.02,0.02,91.03,1.01,1.05,0.07,0.06,0.04,0.05,0.112,3744,1702,2042,45.46,54.54,14.59,19.6,26.04,91.72,1.23,2.14,2.52,4.94,52559
328,48,5609,8.56,12.4,7.85,90.97,0,0,0,0.77,0,0.36,0.55,0.25,0.22,2.847,60128,30562,29566,50.83,49.17,4849.03,33.83,6.86,41.05,1.14,16.52,9.44,9.66,39522
526,15,1753,8.56,188.8,4.27,3.64,0.88,0.01,1.16,20.23,69.34,0.28,0.88,0.64,0.32,0.287,12672,6213,6459,49.03,50.97,67.12,43.15,6.08,53.01,5.87,10.73,6.32,11.85,33568
276,24,2802,8.57,53.6,26.34,35.1,0,30.16,4.81,3.48,0,0.02,35.75,22.29,20.81,1.519,39841,19179,20662,48.14,51.86,743.3,26.19,19.17,74.41,1.34,24.64,3.8,4.96,138869
512,3,350,8.57,1429.9,3.08,0.17,0.63,42.56,46.62,3.46,0.72,0.33,41.03,8.49,7.58,0.023,4575,1824,2751,39.87,60.13,3.2,29.22,15.13,80.09,0.85,8.17,2.46,7.39,36736
418,22,2560,8.59,161.2,9.39,8.83,0.02,46.92,22.14,12.18,0.2,0.06,44.53,29.71,28.27,0.388,39095,18420,20675,47.12,52.88,242.52,23.03,19.47,89.89,2.46,5.21,4.61,7.35,71230
307,17,1975,8.61,56.1,19.09,20.52,0.15,32.39,19.87,4.65,0,0.75,49.58,36.12,33.23,0.862,29390,14195,15195,48.3,51.7,523.89,24.03,16.01,89.34,2.09,7.56,3.98,4.67,105077
130,1,116,8.62,196,3.42,0.73,1.1,0,0.43,19.34,74.56,0.27,0.29,0.02,0,0.19,915,469,446,51.26,48.74,4.67,36.83,6.45,78.03,1.2,0,6.61,6.23,43988
241,18,2082,8.65,49.6,38.21,17.45,0.05,30.51,1.58,11.17,0.07,0.36,42.61,32.59,29.41,1.342,27244,13429,13815,49.29,50.71,549.27,27.77,15.49,89.19,1.17,10.66,1.91,4.45,125896
458,18,2081,8.65,6,3.13,96.31,0.09,0,0,0.47,0,0,0.09,0.12,0.15,2.519,27160,12703,14457,46.77,53.23,4526.67,28.09,9.45,53.26,4.75,24.88,3.96,9.07,59173
350,26,2998,8.67,134.4,3.2,9.02,0.19,0.03,0.01,3.85,51.96,5.58,0.92,0.22,0.09,0.129,28835,14854,13981,51.51,48.49,214.55,33.53,7.26,71.97,6.09,7.4,2.73,7.45,71563
514,4,461,8.68,519.4,2.53,1.35,0.09,68.21,22.86,3.76,0.07,0.63,51.35,50.17,47.75,0.147,9886,4934,4952,49.91,50.09,19.03,19.76,23.78,94.78,0.1,1.88,2.11,7.16,50081
185,1,114,8.77,17.1,12.85,0.53,0,81.15,2.73,2.46,0.29,0,68.57,68,68.92,0.723,1409,771,638,54.72,45.28,82.4,22.07,11.28,97.59,0,2.13,0.86,3.9,87857
10,83,9420,8.81,128.3,6.44,18.33,0.01,36.64,15.64,22.22,0,0.29,24.92,11.22,9.95,0.994,106126,54512,51614,51.37,48.63,827.17,31.18,9.14,47.55,2.52,26.13,6.85,9.11,57749
271,15,1699,8.83,112.2,5.19,6.06,0.8,0.01,0.02,1.16,85.78,0.71,0.79,0.34,0.11,0.518,15649,7693,7956,49.16,50.84,139.47,37.39,7.89,55.06,1.26,14.74,3.63,10.95,47664
484,17,1926,8.83,96.9,13.61,13.77,0.33,0,0.01,68.53,3.52,0.2,0.05,0.14,0.12,0.515,22568,11430,11138,50.65,49.35,232.9,32.94,10.55,89,0.34,1.28,9.37,10.67,45292
54,48,5376,8.93,146.9,8.14,18.31,0.2,10.98,1.05,49.09,11.65,0.49,6.45,1.55,1.01,0.719,50058,24508,25550,48.96,51.04,340.76,35.24,10.09,74.48,7.66,9.21,1.1,5.63,89169
182,3,336,8.93,130.2,4.35,3.11,3.04,0.04,0.17,2.86,80.88,3.69,7.4,3.09,1.51,0.25,2538,1410,1128,55.56,44.44,19.49,34.4,7.37,52.09,0.16,0.63,2.44,11.18,37788
84,27,3017,8.95,14.6,14.76,82.2,0.27,0,0.13,2.64,0,0,1.6,0.85,0.8,1.994,38948,19176,19772,49.23,50.77,2667.67,30.45,8.09,72.17,9.26,8.87,2.38,8.94,67642
485,19,2123,8.95,43.9,8.3,32.37,0.14,0,0,0.45,56.91,1.81,7.99,1.91,1.19,0.864,30531,15347,15184,50.27,49.73,695.47,28.9,13.53,76.83,3.36,12.95,6.69,7.14,58328
416,20,2231,8.96,220.5,6.3,5.78,0.67,0,0,2.55,84.65,0,0.43,0.09,0.04,0.488,16648,8313,8335,49.93,50.07,75.5,40.74,8.25,73.89,0.89,0.06,7.41,10.16,36645
372,97,10785,8.99,240,5.42,22.71,0.07,0,7.3,16.04,47.87,0.35,0.06,0.06,0.04,0.813,107548,52416,55132,48.74,51.26,448.12,33.77,8.96,65.95,8.75,9.25,4.25,7.48,60099
159,80,8875,9.01,52.2,13.94,83,0.04,0.25,1.62,1.02,0.01,0.1,1.65,1.19,1.04,1.972,114393,56483,57910,49.38,50.62,2191.44,28.26,11.29,54.23,3.81,23.3,4.42,6.75,68475
281,18,1989,9.05,24.6,33.44,46.77,0.04,6.96,9.13,3.62,0,0.02,5.56,3.94,3.6,1.631,34748,17471,17277,50.28,49.72,1412.52,27.31,13.36,67.42,2.94,9.43,2.71,5.58,74707
312,99,10915,9.07,76,10.54,64.33,0.03,0,0.01,1.07,22.25,1.59,2.9,1.35,0.9,1.371,113550,55308,58242,48.71,51.29,1494.08,34.15,10.28,77.93,3.76,5.48,10.9,15.08,40244
7,37,4075,9.08,71.2,13.46,30.89,0.81,18.08,34.02,1.32,0,1.2,5.03,1.29,1.28,0.725,61569,29853,31716,48.49,51.51,864.73,30.41,7.85,75.01,7.25,8.53,2.88,5.58,83921
427,31,3404,9.11,64.4,10.7,40.01,0.09,0,0.24,0.95,47.86,0.04,0.01,0.01,0.01,0.824,41277,20370,20907,49.35,50.65,640.95,33.65,7.11,84.51,2.87,4.9,1.44,4.54,86542
256,2,219,9.13,953.4,0.97,0.26,0.22,17.74,22.6,52.62,4.95,0.47,20.38,25.36,21.8,0.018,2720,1343,1377,49.38,50.63,2.85,26.36,17.35,78.31,8.46,2.32,6.14,6.22,41364
517,91,9922,9.17,103,10.79,45.44,1.52,0.27,37.29,0.29,0.73,2.72,1.29,0.79,0.71,1.163,89281,43974,45307,49.25,50.75,866.81,39.23,8.85,66.11,16.24,4.4,5.38,13.54,47105
22,13,1415,9.19,157.2,5.87,11.39,0,46.16,3.04,31.56,0.92,0.03,32.99,26.14,24.49,0.426,33084,15960,17124,48.24,51.76,210.46,22.33,19.73,90.69,1.2,2.95,5.99,5.13,55496
474,11,1182,9.31,37.9,22.43,25.96,0,43.14,2.99,4.94,0.07,0.29,44.48,12.17,10.01,0.996,25075,12251,12824,48.86,51.14,661.61,22.4,13.9,89.89,0.99,4.71,6.51,5.92,60302
270,12,1280,9.38,8.1,12.83,82.27,0.08,0.55,0.19,0,0,1.9,8.14,5.42,5.12,2.029,21268,10560,10708,49.65,50.35,2625.68,22.52,10.36,89.27,1.68,6.53,5.72,7.3,53960
294,7,740,9.46,240.1,1.42,4.36,42.73,0.05,5.99,0.04,44.05,1.21,0.41,0.01,0,0.251,5536,3070,2466,55.46,44.54,23.06,31.58,7.97,72.92,2.29,4.95,1.06,7.52,87122
293,11,1141,9.64,60.5,11.9,18.37,0.02,24.76,14.95,16.78,12.81,0.34,24.06,12.13,10.75,0.81,14005,7379,6626,52.69,47.31,231.49,27.07,10.52,86.65,2.21,5.2,3.52,4.3,77458
298,5,516,9.69,296.7,3.36,1.61,0.46,0.04,0.26,22,68.31,3.77,0.43,0.34,0.18,0.118,5261,2649,2612,50.35,49.65,17.73,33.24,14.46,84.79,2.28,11.42,2.09,9.66,81250
302,71,7280,9.75,238.8,7.01,15.04,0.25,0,0.28,53.72,22.39,0.49,0.16,0.03,0.02,0.447,78506,38591,39915,49.16,50.84,328.75,34.64,10.16,61.31,7.18,11.3,11.47,12.63,39040
225,18,1840,9.78,784.7,5.86,0.88,6.21,7.49,66.09,11.81,1.17,0.34,1.94,0.39,0.31,0.287,18600,9810,8790,52.74,47.26,23.7,31.3,8.04,60.1,5.73,0.94,4.47,8.34,50195
2,54,5516,9.79,868.6,3.31,3.57,6.03,0.01,86.55,0.23,0.21,0.07,0.02,0,0,0.176,47571,26705,20866,56.14,43.86,54.77,38.56,4.67,62.33,17.81,4.68,5.76,16.71,50395
246,1,102,9.8,28.3,5.32,1.63,5.68,0.61,0.07,6.28,80.21,0.09,5.37,3.26,1.79,0.378,573,306,267,53.4,46.6,20.25,32.11,11.52,76.09,0,7.68,2.63,6.27,45833
300,60,6125,9.8,151.7,19.82,23.28,0.9,0.02,16.6,29.91,9.27,0.02,0.04,0.01,0,0.625,72176,34654,37522,48.01,51.99,475.78,30.22,17.89,75.17,5.53,8.39,2.84,8.63,55332
278,14,1426,9.82,9.1,2.95,96.9,0,0,0,0.16,0,0,0.46,0.68,0.8,3.441,16124,7990,8134,49.55,50.45,1771.87,32.45,12.3,45.31,1.46,1.05,7.72,7.94,49088
62,36,3640,9.89,18.6,6.52,92.82,0,0,0.06,0.52,0,0,0.49,0.41,0.38,4.883,47703,24004,23699,50.32,49.68,2564.68,31.29,8.6,44.95,6.48,26.91,4.99,7.41,56909
240,82,8291,9.89,68.3,13.71,72.66,0,0.1,6.97,2.18,0.02,1.46,0.91,0.7,0.57,2.57,123526,58804,64722,47.6,52.4,1808.58,26.37,13.71,78.23,9.51,8.21,5.61,7.79,60107
408,23,2325,9.89,68.4,21.06,34.09,1.34,7.49,16.58,11.48,2.84,1.72,18.41,6.48,4.08,0.821,34138,16003,18135,46.88,53.12,499.09,26.29,14.49,92.82,1.58,3.08,9.42,12.76,45148
24,1,101,9.9,17,15.82,3.11,0,3.68,13.73,40.04,23.61,0,6.3,4.29,3.35,0.309,1390,695,695,50,50,81.76,26.62,14.03,93.96,1.08,2.16,0,1.99,113625
452,42,4220,9.95,37.8,20.6,70.17,0,3.7,2,2.93,0,0.18,12.36,7.06,5.82,2.947,65245,32664,32581,50.06,49.94,1726.06,26.2,11.67,79.8,3.86,5.28,8.7,7.5,53114
498,1,100,10,1827.9,0.26,0.04,16.08,43.55,30.66,8.95,0,0.12,30.3,40.97,40.47,0.025,1963,933,1030,47.53,52.47,1.07,16.66,27.05,96.23,1.43,1.32,1,1.53,74688
138,81,8084,10.02,110.5,10.49,33.94,0.37,19.22,27.23,4.88,0,3.79,4.09,0.36,0.33,1.14,82707,41806,40901,50.55,49.45,748.48,34.9,4.58,59.54,15.33,14.05,1.24,7.65,98647
324,4,398,10.05,353.9,3.06,2.73,4.77,74.44,11.31,2.51,0.59,0.03,54.16,41.33,32.06,0.136,7287,3605,3682,49.47,50.53,20.59,23.03,18.95,96.87,1.11,3.84,6.6,7.42,48592
143,15,1489,10.07,27.2,12.24,26.44,2.4,0,0,1.15,57.7,0,0.14,0.02,0,1.216,10195,5231,4964,51.31,48.69,374.82,39.4,6.1,57.78,2.58,1.07,7.69,11.93,39421
388,1,98,10.2,65,3.52,1.51,1.71,0,0.41,2.4,90.38,0.02,3.14,3.22,2.07,0.16,551,293,258,53.18,46.82,8.48,30.85,13.79,85.84,0,12.89,4.46,2.28,61125
476,67,6531,10.26,137.5,4.25,2.97,0.39,62.82,4.02,4.38,8.39,1.99,58.97,13.82,12.03,0.214,75395,36282,39113,48.12,51.88,548.33,31.01,9.81,72.7,5.93,9.93,8.32,7.12,46342
411,1,97,10.31,988.2,2.11,0.06,0.17,28.09,40.74,28.15,0.22,0.39,25.74,,,0,1276,635,641,49.76,50.24,1.29,19.28,20.85,90.99,0,2.51,1.56,7.73,42083
345,81,7838,10.33,55.7,10.61,59.13,0.01,4.17,2.01,23.45,0,0.46,4.21,1.2,0.71,2.262,108058,55280,52778,51.16,48.84,1940,29.68,6.74,59.15,4.84,27.57,2.88,6.93,87312
409,65,6279,10.35,79,13.76,41.63,4.02,20.74,1.72,1.59,0.56,11.46,25.29,12.77,10.21,1.333,91362,46571,44791,50.97,49.03,1156.48,27.19,10.68,80.14,2.73,7.2,4.95,6.85,73031
46,2,193,10.36,673.6,3.66,0.22,0.29,21.9,49.71,14.05,8.56,1.46,19.4,7.02,5.62,0.053,846,436,410,51.54,48.46,1.26,20.09,15.13,93.62,0.83,0.83,0.56,2.98,66250
28,6,575,10.43,726.1,1.52,0.62,1.48,78.29,13.75,3.56,0.01,0.08,55.33,51.39,48.03,0.109,13027,6506,6521,49.94,50.06,17.94,20.48,22.1,95.24,1.57,2.13,1.8,7.27,49504
534,57,5431,10.5,816,7.42,3.63,5.28,2.48,25.54,35.98,18.96,0.18,1.18,0.44,0.31,0.473,61629,32456,29173,52.66,47.34,75.53,32,8.64,74.06,12.19,5.19,3.04,6.37,78728
272,1,95,10.53,76.7,5.32,1.85,2.93,4.13,5.27,10,40.67,11.7,10.42,27.62,25.19,0.222,1956,1071,885,54.75,45.25,25.5,25.97,9.36,85.28,0.72,2.45,2.37,13.78,41369
58,3,283,10.6,163.1,4.08,2.13,0.48,2.38,5.98,47.91,33.74,3.02,2.86,0.19,0.1,0.303,4237,1989,2248,46.94,53.06,25.98,33.96,10.83,94.41,4.04,1.96,4.71,10.11,66149
88,1,94,10.64,17.9,9.52,0.17,0,68.62,5.19,13.09,0,0,51.1,46.12,45.44,0.231,1233,697,536,56.53,43.47,68.88,22.06,19.3,93.51,3,1.05,0,15.6,58542
236,1,94,10.64,239.4,1.89,0.14,0.03,0.94,2.73,89.5,4.42,0.18,1.01,0.49,0.26,0.099,514,262,252,50.97,49.03,2.15,25.68,11.09,95.33,2.14,0.58,3.7,11.16,60000
358,30,2806,10.69,396.1,7.32,4.76,1.37,6.55,27.32,35.32,14.66,2.44,7.84,4.87,3.7,0.326,33856,16020,17836,47.32,52.68,85.47,28.44,18.44,88.81,2,5.63,2.29,4.87,66810
120,49,4556,10.76,36.5,23.8,54,0.39,0.23,0,14.23,5.95,1.39,1.43,0.75,0.64,1.395,50676,24437,26239,48.22,51.78,1388.38,34.45,9.75,81.16,5.24,9.99,1.98,4.8,83097
64,20,1846,10.83,13.4,13.4,77.83,0,5.33,0.12,0.91,0,0.89,17.38,11.96,9.85,2.229,28345,13492,14853,47.6,52.4,2115.3,22.07,15.48,74.24,2.53,20.36,6.09,6.23,82974
441,81,7461,10.86,79.7,12.72,48.66,0,22.57,2.98,3.12,0.45,1.93,25.29,10.24,8.01,2.239,122284,60235,62049,49.26,50.74,1534.3,23.21,14.01,66.02,3,28.2,5.64,5.03,90633
548,14,1289,10.86,13.8,19.95,51.19,0,0,0.04,14.73,13.67,0,0.28,0.41,0.33,1.86,15764,8264,7500,52.42,47.58,1142.32,27.39,8.54,71.03,3.46,9.94,3.11,9.39,66894
68,1,92,10.87,323.7,1.23,2.03,4.11,53.87,20.14,11.16,5.86,0.77,30.7,4.63,3.34,0.143,1800,940,860,52.22,47.78,5.56,25.72,15.94,91.44,0.67,1.06,1.67,11.68,48214
320,32,2924,10.94,14.5,6.04,93.92,0,0.05,0,0,0,0,3.14,2.84,2.28,2.83,47591,24020,23571,50.47,49.53,3282.14,26.27,12.48,62.15,4.33,27.18,3.9,7.17,81601
91,254,23127,10.98,268.6,8.42,37.77,0.69,0.69,34.23,12.92,0,1.48,0.61,0.67,0.48,1.086,251356,121604,129752,48.38,51.62,935.8,31.62,10.74,65.32,5.24,15.64,4.96,7.15,63508
362,19,1731,10.98,218.9,5.58,6.06,0.3,57.66,1.12,25.7,0.1,0.1,37.25,30.64,28.66,0.366,21715,10874,10841,50.08,49.92,99.2,26.41,19.78,85.99,4.65,4.11,7.18,14.32,47555
99,3,272,11.03,204.9,2.8,0.76,0,88.22,6.3,1.1,0,0,70.04,60.15,56.99,0.269,4572,2379,2193,52.03,47.97,22.31,23.71,12.88,96.22,0.24,1.71,3.04,5.39,64216
169,35,3173,11.03,232.5,8.71,12.97,0.22,33.63,27.06,8.57,7.97,0.37,19.28,5.33,3.68,0.632,74356,37938,36418,51.02,48.98,319.81,29.82,10.14,77.67,2.29,10.3,4.56,8.14,64717
183,42,3796,11.06,33.6,9.53,58.69,0.11,0,0,3.66,28,0,0.01,0.02,0.03,1.341,42362,22188,20174,52.38,47.62,1260.77,31,10.1,75.13,8.57,4,8.91,11.93,45334
461,3,270,11.11,59.3,2.34,9.89,0.03,0.67,7.79,0.01,75.87,2.68,0.12,0.02,0,0.501,2524,1234,1290,48.89,51.11,42.56,37.2,9.94,78.13,3.84,3.05,2.46,7.81,36395
181,2,179,11.17,80.9,6.68,1.31,0.03,79.62,6.93,3.59,0.71,0.33,66.64,46.25,46.51,0.097,5313,2740,2573,51.57,48.43,65.67,19.73,12.69,93.04,0.51,0.43,4.82,9.74,40604
81,23,2048,11.23,405.1,5.2,3.94,0.8,7.68,60.12,18.09,0.99,0.46,2.82,1.34,1,0.334,30886,19588,11298,63.42,36.58,76.24,28.56,3.91,60.44,15.04,6.93,2.96,5.94,92204
492,50,4446,11.25,35.6,5.47,86.35,0.02,0,0,0.13,0,0.3,1.93,2.39,2.09,2.961,79072,41645,37427,52.67,47.33,2221.12,23.54,9.43,44.02,3.8,39.31,4.65,6.54,84048
141,7,620,11.29,1288.2,2.48,0.21,0.31,16.89,47.6,29.08,1.32,1.96,23.06,9.7,8.07,0.084,7838,4206,3632,53.66,46.34,6.08,25.82,16.93,92.43,0.92,0.54,1.23,11.68,42910
430,75,6606,11.35,110.6,14.83,41.62,2.06,0.04,0.01,17.04,22.6,1.77,2.2,1.58,1,1.608,74449,37478,36971,50.34,49.66,673.14,27.32,13.37,83.78,2.14,9.2,3.83,5.94,68974
439,24,2113,11.36,15,19.12,67.73,0,4.21,0.88,0.26,0,5.44,16.93,13.02,10.38,2.012,25179,12134,13045,48.19,51.81,1678.6,24.96,13.23,84.54,1.13,14.87,5.06,4.83,104457
51,16,1404,11.4,181.8,16.08,7.66,0.4,0.68,40.97,5,26.71,2.34,2.68,1.65,1.36,0.522,14522,7687,6835,52.93,47.07,79.88,26.79,15.91,78.95,4.32,6.95,1.67,6.25,77695
213,3,263,11.41,344.2,1.58,0.49,2.05,14.46,60.23,6.44,13.39,0.86,9.07,6.52,5.86,0.148,3666,1832,1834,49.97,50.03,10.65,31.81,10.01,94.68,0,1.83,2.22,5.31,70625
535,10,866,11.55,309.2,7.08,1.68,1.63,7.73,0.15,58.55,21.34,0.52,5.72,12.52,12.13,0.09,10044,5100,4944,50.78,49.22,32.48,32.28,6.46,85.34,4.21,8.62,2.52,6.73,54567
273,3,255,11.76,104.3,7.3,0.14,0,80.96,9.76,1.56,0,0.08,65.95,64.57,64.22,0.21,3417,1798,1619,52.62,47.38,32.76,24.35,10.97,96.08,0,3.51,3.75,3.78,101767
144,47,3983,11.8,664,7.86,6.94,0.17,1.48,63.11,15.34,3.55,1.4,2.37,2.81,2.78,0.186,56150,33358,22792,59.41,40.59,84.56,27.76,11.42,75.32,3.91,3.37,4.61,5.08,58806
118,14,1185,11.81,48.6,10.15,19.98,0.05,22.52,13.2,25.23,2.06,6.3,22.33,21.56,18.66,0.589,21868,10097,11771,46.17,53.83,449.96,23.93,22.56,86.26,3.37,9.05,6.94,5.02,85760
407,18,1513,11.9,307.9,5.43,4.32,0.84,3.59,5.99,72.28,5.47,1.23,7.58,5.21,2.74,0.193,18005,8331,9674,46.27,53.73,58.48,30.26,13.92,85.7,0.73,2.48,8.25,11.83,38087
475,4,336,11.9,18.8,9.57,9.26,0,47,26.68,7.49,0,0,48.6,42.66,40.01,1.244,4233,2022,2211,47.77,52.23,225.16,28.35,17.51,97.31,0.69,0.85,1.56,12.93,43393
14,197,16521,11.92,54.9,2.5,96.67,0.02,0.03,0,0.27,0,0.02,0.13,0.18,0.2,3.756,194342,99925,94417,51.42,48.58,3539.93,33.87,7.6,63.35,2.55,11.51,6.38,8.69,51401
107,22,1846,11.92,53.9,9.29,84.39,0.07,0,0.02,6.12,0,0.05,0.36,0.38,0.46,2.837,27180,13632,13548,50.15,49.85,504.27,27.77,4.36,53.03,14.47,9.95,4.27,7.72,54522
190,9,754,11.94,30.2,3.7,13.24,0.02,0,6.94,0,76.1,0,0,0,0,0.494,5134,2624,2510,51.11,48.89,170,40.46,6.91,72.89,0.72,0,8.92,15.8,52188
178,23,1920,11.98,693.7,3.04,0.73,2.13,37.53,35.73,10.83,9.01,0.96,17.1,3.24,2.12,0.102,43864,21920,21944,49.97,50.03,63.23,38.03,7.06,57.32,9.7,4.66,5.21,10.47,40755
162,45,3743,12.02,11.7,9.81,88.8,0,0,0.04,1.31,0,0.05,3.05,2.12,1.68,2.728,50724,25645,25079,50.56,49.44,4335.38,24.6,12.99,17.78,0.11,64.71,9.48,6.95,43892
533,2,166,12.05,370.3,3.43,2.19,0.6,0.02,0.49,7.83,85.25,0,0.1,0.07,0.03,0.232,1953,1189,764,60.88,39.12,5.27,34,3.23,75.17,0,1.69,9.23,8.61,37596
282,2,165,12.12,115.3,6.11,1.6,0,20.7,34.67,5.02,0.2,0.03,21.84,5.21,4.17,0.141,3741,1628,2113,43.52,56.48,32.45,21.73,19.54,91.45,5.03,0,3.77,13.08,35351
414,2,165,12.12,61.8,5.63,2.55,6.43,3.11,0.17,34.87,44.93,1.49,3.94,2.49,0.8,0.396,1158,625,533,53.97,46.03,18.74,32.82,15.03,91.71,0,3.11,1.38,8.33,50694
508,2,165,12.12,73.3,3.19,1.35,0.02,1.25,2.91,87.29,0.91,2.32,1.83,1.17,1.02,0.29,1481,732,749,49.43,50.57,20.2,30.32,5.13,85.55,6.68,4.46,2.89,1.82,62500
261,27,2224,12.14,95.9,5.31,12.43,0.21,0,0.01,1.02,80.76,0,0.01,0,0,0.818,24484,12791,11693,52.24,47.76,255.31,33.26,6.98,75.56,8.54,8.12,2.3,10.51,55419
442,5,412,12.14,505.9,5.51,0.69,1.5,18.29,26.52,39.77,2.95,1.88,12.54,4.27,3.44,0.125,5082,2317,2765,45.59,54.41,10.05,28.53,12.89,86.62,0,1.3,4.23,12.84,48931
71,128,10509,12.18,171,17.26,34.74,0.08,0.18,39.87,5.73,0.96,0.83,0.78,0.63,0.4,0.929,151929,74422,77507,48.98,51.02,888.47,29.53,11.3,84.14,6.56,4.93,6.5,8.52,54263
243,25,2050,12.2,40,16.53,25.2,1.03,39.76,12.08,4.23,0,0.41,33.84,13.49,10.6,1.034,35817,18093,17724,50.52,49.48,895.43,22.84,10.71,71.97,3.8,21.98,,5.91,88305
284,66,5405,12.21,13.4,6.79,92.55,0,0,0,0.66,0,0,0.09,0.17,0.18,1.619,61635,30704,30931,49.82,50.18,4599.63,31.52,8.91,48.55,4.07,19.75,7.52,8.03,48607
343,4,325,12.31,24.8,4.05,2.58,0,0,0,0.91,91.62,0.62,2.3,0.66,0.15,0.766,292,174,118,59.59,40.41,11.77,27.4,15.41,76.03,4.11,15.75,7.08,11.95,74500
433,1,81,12.35,481.2,1.07,0.17,19.75,5.4,61.65,6.67,3.96,0.87,4.09,0.32,0.16,0.077,1061,560,501,52.78,47.22,2.2,17.81,16.12,92.08,1.6,3.68,0,8.37,65357
73,27,2179,12.39,10.8,3.65,95.95,0,0,0,0,0,0.08,2.1,1.45,0.9,3.532,31435,15472,15963,49.22,50.78,2910.65,23.94,12.05,78.6,2.6,16.25,3.76,5.85,82476
454,16,1291,12.39,61.3,22.46,16.57,0,55.71,3.48,1.64,0.05,0.05,56.72,42,40.49,0.927,20020,9802,10218,48.96,51.04,326.59,28.32,20.53,60.41,0.45,40,5.38,4.05,149083
19,13,1045,12.44,130.2,3.42,3.59,0.5,0,0.01,5.71,86.7,0,0.01,0.01,0,0.448,5727,3079,2648,53.76,46.24,43.99,36.91,8.12,74.96,6.81,3.54,8.62,14.03,44339
155,89,7156,12.44,27.9,11.8,84.74,0,0.11,0.1,2.41,0,0.7,3.18,1.87,1.29,3.242,84414,44477,39937,52.69,47.31,3025.59,29.39,7.47,40.86,4.53,38.36,5.77,10.52,58109
489,3,241,12.45,1570.4,0.1,0.07,18.83,43.31,33.15,2.85,0,0.3,35.31,48.71,46.04,0.008,4866,2415,2451,49.63,50.37,3.1,28.57,7.87,90.88,0,0.99,3.91,13.18,45580
391,4,321,12.46,89.9,6.08,1.97,0.01,63.51,1.6,24.09,0,0,40.32,38.46,34.72,0.188,7740,3825,3915,49.42,50.58,86.1,21.15,28.18,96.4,0.34,2.2,0.36,6.61,69035
184,1,80,12.5,944.4,3.38,0.17,0.08,78.91,16.47,0.49,0.05,0.2,69.96,45.91,42.77,0.04,1187,556,631,46.84,53.16,1.26,26.03,18.79,80.37,1.68,6.49,8.42,14.43,30000
109,153,12124,12.62,110.2,8.2,44.43,0.56,36.73,7.05,2.76,0,0,32.89,7.71,6.55,1.522,129342,63866,65476,49.38,50.62,1173.7,29.36,12.06,43.5,1.71,53.93,2.77,5.76,112587
215,20,1582,12.64,357.7,2.41,3.93,0.4,6.7,19.07,54.68,12.51,0.04,4.85,0.6,0.41,0.228,13031,6703,6328,51.44,48.56,36.43,36.23,5.58,57.3,7.01,18.56,1.19,7.84,98896
119,1,79,12.66,345.7,2.94,0.04,0.39,65.97,29.01,1.46,0,0.02,66.75,52.02,44.87,0.09,991,557,434,56.21,43.79,2.87,21.09,23.11,95.56,2.22,1.01,2.33,15.66,38807
157,3,236,12.71,57,7.13,1.37,0.14,70.52,4.31,2.34,12.34,1.28,67.9,17.97,15.79,0.215,2754,1268,1486,46.04,53.96,48.32,26.62,9.15,93.94,1.67,2.8,2.67,7.96,49453
390,12,944,12.71,249.3,6.82,1.05,0,61.34,3.6,26.54,0.05,0,42.29,41.8,38.42,0.113,20311,10192,10119,50.18,49.82,81.47,21.74,21.35,95.61,0.8,1.77,1.4,4.26,63410
434,24,1883,12.75,64.9,4.65,15.86,0.01,0,0,1.47,73.23,4.69,8.37,0.48,0.28,0.356,19530,10188,9342,52.17,47.83,300.92,35.8,6.5,78.19,4.38,8.79,1.97,6.83,65108
32,1,78,12.82,39.8,3.17,0.4,0,85.9,9.67,0.86,0,0,73.02,61.05,56.88,0.031,1585,831,754,52.43,47.57,39.82,19.68,19.31,94.7,1.7,0.82,0.57,6.7,57177
134,26,2027,12.83,58.9,7.77,24.76,0.33,0.03,0.04,3.77,61.93,1.3,4.07,1.61,1.35,0.454,26134,12765,13369,48.84,51.16,443.7,32.85,9.52,82.72,3.5,6.05,3.43,10.59,48351
38,69,5372,12.84,35.9,9.66,61.1,0,6.39,1.08,21.7,0,0,5.15,1.21,1.23,2.278,80961,41131,39830,50.8,49.2,2255.18,26.66,9.43,26.8,3.73,61.8,3.53,8.38,89186
140,116,8977,12.92,77.2,11.56,41.14,0,17,4.42,25.65,0,0.03,13.17,2.95,2.51,1.103,99213,49982,49231,50.38,49.62,1285.14,30.97,10.51,35.54,2.84,53.71,2.45,7.75,98547
129,85,6513,13.05,29.3,6.83,88.5,0.98,0.14,0,0.65,0,0.09,0.94,0.6,0.6,2.54,87447,45409,42038,51.93,48.07,2984.54,28.51,9.78,39.65,1.07,29.83,8.35,8.63,46466
494,72,5507,13.07,54.4,7.49,51.42,0.05,0.01,0.01,0.93,39.69,0.34,2.21,0.84,0.39,1.183,68991,33594,35397,48.69,51.31,1268.22,32.5,11.51,80.23,5.83,7.75,5.25,9.59,61075
483,3,229,13.1,2237.2,0.25,0.09,0.87,59.29,31.46,7.57,0.04,0.36,38.06,33.28,30.76,0.035,4542,2324,2218,51.17,48.83,2.03,23.21,26.62,88.97,1.1,1.54,3.23,16.22,54654
296,10,761,13.14,123.5,10.55,5.17,2.92,63.28,8.23,6.09,2.52,0.53,64.71,34.27,30.11,0.344,16326,8398,7928,51.44,48.56,132.19,26.66,11.4,90.46,0.5,3.03,6.11,6.52,46206
520,29,2193,13.22,35.9,36.18,44.65,0,7.71,0.3,11.12,0,0,24.11,13.43,10.32,2.079,48876,22411,26465,45.85,54.15,1361.45,17.03,24.65,86.01,2.13,10.59,8.03,4.42,74148
338,79,5970,13.23,167.9,9.45,14.56,0.19,4.27,57.32,13.12,0.89,0.16,4.92,3.16,2.86,0.689,71626,36742,34884,51.3,48.7,426.6,31.82,7.74,73.55,3.38,10.67,4.73,5.9,85549
479,33,2458,13.43,10.6,5.49,93.09,0.06,0,0,1.29,0.04,0.05,1.45,1.14,1.06,3.103,30146,15497,14649,51.41,48.59,2843.96,34.72,7.46,52.88,0.41,5.36,4.31,5.78,59523
80,13,960,13.54,70.7,9.16,15.1,0.89,7.46,9.23,21.73,30.68,3.17,15.4,6.23,4.7,0.78,15945,7611,8334,47.73,52.27,225.53,27.77,14.36,89.42,2.41,4.42,11.72,13.99,35483
239,50,3685,13.57,16.7,7.12,92.14,0.04,0.06,0,0.56,0.06,0,1.05,0.76,0.81,1.907,49340,24658,24682,49.98,50.02,2954.49,30.38,10.26,56.07,1.75,8.96,5.28,6.78,62017
211,5,368,13.59,433.3,2.17,0.71,0.05,8.21,10.06,73.56,0.37,0,10.32,8.74,7.55,0.203,8992,6553,2439,72.88,27.12,20.75,9.49,12.47,66.78,14.78,2.7,5.02,11.48,36530
330,47,3405,13.8,53,10.02,57.9,1.14,0.01,0,0.32,0,1,2.17,3.99,3.6,2.33,60712,31775,28937,52.34,47.66,1145.51,20.12,10.46,61.94,2.98,26.67,5.85,5.17,84191
370,191,13676,13.97,189.4,14.47,24.89,4.11,0.01,31.81,13.82,9.42,0.64,0.08,0.06,0.07,0.861,120530,59435,61095,49.31,50.69,636.38,39.46,5.68,45.79,15.25,4.78,4.57,12.2,48657
471,5,358,13.97,93.1,6.48,2.53,0.38,39.41,22.38,18.04,6.88,3.23,33.31,16.38,13.16,0.125,5421,2940,2481,54.23,45.77,58.23,23.37,20.46,84.28,0,0.85,3,4.69,61389
364,150,10726,13.98,63.9,5.95,58.96,0.62,0.06,0.01,2.1,29.55,2.3,0.2,0.21,0.15,1.766,119589,61632,57957,51.54,48.46,1871.5,32.01,10.35,57.72,4.88,7.78,5.81,7.01,58475
218,15,1056,14.2,1601.9,2.38,0.21,24.28,10.2,48.38,13.65,0.02,0.81,0.92,1.2,0.94,0.1,2903,1630,1273,56.15,43.85,1.81,20.5,18.74,96.14,0,0.62,1.54,3.32,58419
392,66,4619,14.29,126.2,14.9,34.31,0.36,0.56,20.89,2.69,26.11,0.09,1.34,0.48,0.43,1.143,71546,35755,35791,49.97,50.03,566.93,26.68,15.41,78.66,2.28,10.21,3.19,5.83,83208
268,45,3136,14.35,13.9,4.97,94.37,0,0,0,0.66,0,0.01,1.1,1.38,1.46,5.015,35051,17554,17497,50.08,49.92,2521.65,31.29,12.3,60.96,4.36,7.49,5.54,8.78,63697
544,21,1455,14.43,9.9,1.7,97.69,0,0,0,0.61,0,0,1.26,1.26,1.1,4.995,11217,5922,5295,52.79,47.21,1133.03,29.39,11.21,73.13,3.15,8.65,1.97,3.83,79747
158,31,2141,14.48,26.9,6,66.95,1.36,0,0,6.69,18.87,0,0.14,0.08,0.06,1.801,21453,10236,11217,47.71,52.29,797.51,32.64,6.8,81.57,2.95,6.76,1.97,6.92,73986
61,7,478,14.64,175.9,5.75,1.97,0.08,24.12,34.91,23.53,7.85,1.75,21.61,5.31,3.99,0.25,5086,2539,2547,49.92,50.08,28.91,27.68,11.84,83.05,0,3.83,5.21,3.28,74403
470,35,2381,14.7,55,30.63,48.86,0.56,0.28,9.27,4.64,3.42,1.46,3.52,2.11,1.89,1.247,35288,16641,18647,47.16,52.84,641.6,27.12,13.89,85.43,1.38,12.13,3.46,4.53,107324
417,2,136,14.71,142.5,1.46,0.53,0.01,65.41,25.54,3.4,3.48,0.09,36.75,4.17,3.28,0.044,1390,703,687,50.58,49.42,9.75,27.91,8.85,97.34,2.01,0.58,1.27,5.68,83917
135,69,4656,14.82,60.6,17.43,65.96,0.15,0.28,10.7,2.95,0,1.99,2.16,1.54,1.05,1.417,67930,33106,34824,48.74,51.26,1120.96,26.54,12.26,90.91,0.82,6.03,3.4,4.83,94377
258,58,3902,14.86,9.5,8.01,90.98,0,0,0,0.78,0,0,1.39,1.09,0.93,3.802,46769,24311,22458,51.98,48.02,4923.05,32.21,6.88,51.19,10.65,12.37,7.87,8.33,49163
507,1,67,14.93,759.9,0.61,0.02,0.6,70.17,23.47,3.22,0,0.06,52.4,53.84,52.11,0.157,1725,905,820,52.46,47.54,2.27,16.99,16.75,94.26,0,1.62,2.71,10.29,33929
262,55,3674,14.97,4.2,1.65,97.85,0,0,0,0.5,0,0,0.71,0.54,0.38,8.911,28174,14943,13231,53.04,46.96,6708.1,36.46,4.91,34.51,7.22,0.76,10.36,9.85,35049
100,4,267,14.98,1500.1,1.85,0.19,0.1,39.54,46.48,8.6,1.86,0.59,19.06,18.57,14.55,0.02,6170,2902,3268,47.03,52.97,4.11,23.63,22.72,83.53,2.93,0.65,1.01,3,87740
189,85,5656,15.03,10.2,0.69,99.32,0,0,0,0,0,0,0.82,0.32,0.18,2.263,73829,36127,37702,48.93,51.07,7238.14,32.69,6.2,46.66,29.54,6.41,9.5,7.08,42164
438,28,1852,15.12,17.6,15.85,75.62,0,2.93,0.29,0.27,0,0,12.2,15.65,14.83,3.822,35278,16839,18439,47.73,52.27,2004.43,23.5,11.95,60.61,2.13,27.48,4,5.24,74689
317,5,330,15.15,24,37.14,8.04,0,30.14,17.53,5.54,0.44,0.92,13.13,8.03,7.8,1.077,5908,2681,3227,45.38,54.62,246.17,20.01,29.16,96.51,0,3.05,3.92,3.68,98854
259,4,263,15.21,202.7,2.63,1.14,0.35,0.01,0.23,53.84,41.08,0.6,0.7,0.8,0.2,0.131,2232,1104,1128,49.46,50.54,11.01,37.72,11.02,65.55,0,0.22,4.36,13.84,35694
387,8,524,15.27,129,3.36,1.82,0.3,0.09,0.33,60.65,32.87,0.47,1.07,0.53,0.36,0.185,4219,2130,2089,50.49,49.51,32.71,31.24,10.05,61.6,0.14,0.52,9.09,14.99,35266
488,75,4900,15.31,201.9,10.4,10.88,0.81,2.25,64.78,10.45,0.11,0.28,3.93,1.84,1.77,0.613,56256,27767,28489,49.36,50.64,278.63,29.9,8.7,72.52,6.38,9.4,3.61,6.22,72894
206,1,65,15.38,810.2,2.59,0.04,0.28,39.16,39.7,18.07,0.07,0.03,37.81,21.14,18.29,0.095,923,452,471,48.97,51.03,1.14,21.24,14.63,90.36,0,0.22,4.72,16.08,45221
425,7,452,15.49,20.4,30.85,14.58,0,43.74,3.14,7.08,0.52,0.11,45.99,14.8,13.35,0.682,5239,2581,2658,49.27,50.73,256.81,28.86,16.95,91.91,0.55,0.69,2.89,4.14,42352
86,61,3914,15.59,15.2,5.55,94.01,0,0,0,0.43,0,0,0.13,0.21,0.23,2.969,55133,26398,28735,47.88,52.12,3627.17,27.01,12.64,53.16,4.13,28.1,5.13,6.88,63223
139,33,2113,15.62,49.5,23.09,31.31,0.35,7.89,0.67,9.48,2.45,0.28,13.9,12.28,10.72,1.22,28817,14072,14745,48.83,51.17,582.16,30.89,8.8,88.63,2.86,8.46,3.3,5.89,103655
255,14,893,15.68,21,33.91,28.95,0,12.68,3.47,18.61,1.2,0.91,29.13,17.01,14.05,1.944,11538,5582,5956,48.38,51.62,549.43,24.97,21.14,84.26,2.96,12.53,1.96,3.55,136950
303,2,124,16.13,157,4.31,0.95,2,0.05,0.51,36.02,54.03,1.51,5.89,3.77,2.21,0.254,1341,642,699,47.87,52.13,8.54,39.97,7.46,77.78,0.15,0,0.78,6,55682
466,2,124,16.13,136.3,5.61,1.18,0.37,53.46,35.73,2.74,0,0.17,35.83,33.88,27.97,0.17,2004,969,1035,48.35,51.65,14.7,18.56,14.57,96.86,0,0,3.01,11.24,64125
456,142,8794,16.15,252.4,8.57,15.48,0.83,8.47,54.11,11.36,0.6,0.41,2.81,2.14,2.56,0.618,93501,46336,47165,49.56,50.44,370.45,33.77,6.57,76.97,4.28,12.67,2.6,5.98,95758
323,30,1846,16.25,15.9,20.77,36.7,0.03,10.6,2.23,29.67,0,0,8.8,1.01,0.64,0.685,21694,11421,10273,52.65,47.35,1364.4,30.49,10.45,53.43,4.15,26.07,3.35,8.79,83445
216,72,4314,16.69,24.8,24.97,61.72,0.63,4.04,6.82,1.54,0.05,0,12.51,8.32,8.16,3.876,85481,42240,43241,49.41,50.59,3446.81,22.2,13.5,32.92,3.36,52.56,8.34,8.36,69231
295,1,59,16.95,1742.4,0.73,0.11,2.15,84.81,8.29,3.34,0.13,0.11,52.2,53.77,51.48,0.08,1407,627,780,44.56,55.44,0.81,22.6,21.46,97.8,1.21,1.28,3.08,14.53,37639
165,5,291,17.18,155.2,5.25,1.34,1.77,0.02,0.19,49.63,38.05,2.76,4.13,0.72,0.33,0.257,2816,1427,1389,50.67,49.33,18.14,30.4,11.26,74.57,0.75,1.92,3,9.15,31921
541,17,982,17.31,260.2,8.24,0.6,29.76,0,55.46,3.51,2.41,0,0,0,0,0.329,10629,5139,5490,48.35,51.65,40.85,39.83,7.67,69.77,17.48,0.82,2.04,14.14,49737
192,16,905,17.68,3.6,1.88,94.82,3.02,0,0,0.28,0,0,0.5,0.15,0.15,3.186,19213,9922,9291,51.64,48.36,5336.94,15.21,8.17,89.85,1.33,9.42,2.68,4.67,99446
336,4,226,17.7,98.8,4.9,3.01,1.01,0.01,0.02,10.33,78.24,1.57,2.03,0.51,0.09,0.689,2182,1150,1032,52.7,47.3,22.09,23.83,15.95,85.29,0.55,0.6,0,12.88,59531
194,18,1007,17.87,16.2,53.11,32.92,0,12.7,0.91,0.29,0,0.07,47.53,49.08,49.28,0.723,10651,5488,5163,51.53,48.47,657.47,28.75,19.29,70.66,1.22,29.6,1.16,4.88,202292
537,78,4286,18.2,38.5,18.04,59.06,0.33,0.9,15.95,5.45,0.02,0.18,4.18,2.18,2.16,2.335,65764,32288,33476,49.1,50.9,1708.16,30.17,10.49,53.69,1.4,4.8,6.4,7.5,58293
357,11,591,18.61,14.9,3.78,95.57,0,0,0,0.14,0.5,0.01,1.31,0.48,0.34,3.695,14036,7737,6299,55.12,44.88,942.01,21.64,5.02,24.89,4.57,64.95,2.59,7.44,94801
114,67,3599,18.62,38.9,16.81,52.74,1.66,0.42,19.9,5.2,0.34,2.13,2.67,1.21,0.81,2.472,41356,20289,21067,49.06,50.94,1063.14,29.71,8.07,79.45,1.03,20.34,1.52,3.64,121226
125,105,5625,18.67,32.6,14.55,69.59,0.01,2.24,10.56,3.04,0,0,3.52,1.91,1.97,1.64,71917,35831,36086,49.82,50.18,2206.04,30.94,11.08,61.75,1.33,4.63,3.46,6.78,74371
420,4,214,18.69,83.4,2.47,1.76,0.46,65.04,15.15,13.64,0,0.27,64.57,17.97,13.37,0.079,3196,1541,1655,48.22,51.78,38.32,25.94,10.01,86.14,3.04,5.63,3.11,10.32,31992
98,3,154,19.48,9.9,36.45,3.64,0,41.12,16.11,2.31,0,0.35,18.36,21.17,20.74,0.668,3181,1366,1815,42.94,57.06,321.31,44.73,10.41,91.86,0.5,4.84,0,8.65,136607
101,12,613,19.58,50.9,11.25,10.89,0,9.47,16.4,35.8,14.46,0.64,13.8,12.12,9.07,0.628,10145,4886,5259,48.16,51.84,199.31,31.66,13.36,90.91,0.77,5.86,1.53,8.98,59207
469,1,49,20.41,338.5,2.03,0.38,2.56,0.48,1.65,77.15,15.02,0.16,1.5,2.86,1.97,0.09,758,388,370,51.19,48.81,2.24,34.3,12.66,70.45,0,1.19,4.22,10.62,40987
34,47,2229,21.09,30.2,18.11,49.18,0.24,7.92,3.16,2.09,0.23,11,16.83,14.66,11.16,1.101,38953,18976,19977,48.72,51.28,1289.83,22.88,12.79,72.72,1.93,26.2,2.6,5.39,102348
112,71,3342,21.24,15.6,8.06,91.16,0,0,0,0.69,0,0,0.2,0.24,0.26,2.982,42699,21090,21609,49.39,50.61,2737.12,27.87,12.1,57.31,4.07,31.94,2.3,5.47,79875
168,2,94,21.28,539.9,1.9,0.25,0.04,65.96,14.25,13.39,0.5,0.01,43.61,26.84,23.71,0.128,2944,1549,1395,52.62,47.38,5.45,22.08,18.34,93.85,0.54,1.87,8.23,12.21,35828
481,21,940,22.34,25.3,8.7,0.41,0,16.19,54.85,18.25,0.99,0.39,1.08,0.76,0.62,0.268,586,317,269,54.1,45.9,23.16,22.35,21.33,88.05,0,5.29,4.87,9.4,63500
531,160,6707,23.86,26.1,3.47,95.97,0,0.02,0,0.54,0,0,0.18,0.34,0.43,3.292,83897,42541,41356,50.71,49.29,3214.44,27.5,12.26,50.17,1.63,36.67,7.25,7.59,58914
76,4,164,24.39,146.8,1.86,0.05,0,79.75,9.43,1.87,0.02,0,66.41,68.65,65.84,0.167,670,309,361,46.12,53.88,4.56,18.51,16.87,98.81,0,0.6,1.64,7.3,31369
473,13,515,25.24,69.1,5.27,6.39,0,43.2,22.15,22.85,0.1,0,41.31,30.92,26.53,0.263,8219,3781,4438,46,54,118.94,17.19,26.68,95.28,0.09,2.59,12.51,8.25,40625
110,6,222,27.03,93.3,4.83,3.68,0,41.91,25.08,24.13,0,0,41.4,40.85,38.1,0.353,10012,4811,5201,48.05,51.95,107.31,23.75,21.41,96.21,0.07,0.6,2.48,6.95,55313
204,118,4355,27.1,35.4,5.64,88.06,1.08,0,0.05,2.31,0,0.92,0.13,0.08,0.07,2.641,82549,40731,41818,49.34,50.66,2331.89,21.4,13.53,87.18,1.02,10.72,2.98,5.05,84141
322,2,69,28.99,74.2,0.96,0.37,5.08,49.53,40.69,2.52,0.05,0.82,12.29,,,0,168,63,105,37.5,62.5,2.26,7.74,23.81,98.81,0,1.19,0,7.41,83036
50,3,103,29.13,75.2,6.79,0.11,0.3,84.24,4.21,3.89,0.36,0.05,71.8,68.2,68.67,0.41,3058,1574,1484,51.47,48.53,40.66,21.19,8.57,93.59,2.39,3.04,0,5.1,87550
351,193,6400,30.16,35.4,6.67,88.15,0.02,0.37,0,2.4,1.5,0.36,0.22,0.32,0.35,2.096,92726,45427,47299,48.99,51.01,2619.38,23.89,12.22,74.73,1.16,14.11,2.88,6.2,74702
153,124,3941,31.46,19.9,3.75,95.53,0,0,0,0.7,0,0.02,0.15,0.28,0.38,3.067,53956,26368,27588,48.87,51.13,2711.36,23.74,15.85,72.16,1.26,22.04,3.59,5.52,85752
